{"precision":0.7523939935911766,"recall":0.3539631029642805,"_wandb":{"runtime":11},"_step":0,"inference_time_seconds":10.97,"mAP50-95":0.2871410197079038,"mAP50":0.34633041004441245,"_runtime":11,"fitness":0.2871410197079038,"_timestamp":1.7769800946773393e+09}