{"mAP50-95":0.5854883878621097,"precision":0.7877326696316529,"recall":0.6682475131332604,"_timestamp":1.776979748712025e+09,"_step":0,"mAP50":0.7585269503651865,"_wandb":{"runtime":22},"_runtime":22}