{"fitness":0.5454992276287024,"inference_time_seconds":47.6,"_timestamp":1.7769800651586163e+09,"_step":0,"_runtime":47,"precision":0.7462868342808915,"mAP50":0.6753861847063096,"recall":0.7014576533158733,"_wandb":{"runtime":47},"mAP50-95":0.5454992276287024}