{"_runtime":12,"_timestamp":1.7769793504997857e+09,"_step":0,"mAP50":0.6053902973554924,"mAP50-95":0.4454218241448946,"precision":0.638501376988649,"recall":0.5360859555477473,"_wandb":{"runtime":12}}