{"mAP50-95":0.6076884226637703,"precision":0.7109926034900482,"recall":0.7315597828732074,"_timestamp":1.776979799041838e+09,"_wandb":{"runtime":45},"_runtime":45,"_step":0,"mAP50":0.7811858133499694}