{"mAP50":0.5431904377054405,"inference_time_seconds":10.96,"precision":0.6236231074371704,"_step":0,"_runtime":11,"_wandb":{"runtime":11},"mAP50-95":0.4069623179906746,"recall":0.535235419568912,"fitness":0.4069623179906746,"_timestamp":1.7769800813312e+09}