{"inference_time_seconds":26.35,"precision":0.7687055959772162,"_wandb":{"runtime":26},"fitness":0.5397330910297116,"recall":0.6866733757072054,"mAP50":0.6703789179320935,"mAP50-95":0.5397330910297116,"_runtime":26,"_timestamp":1.7769800116798584e+09,"_step":0}