{"fitness":0.30176162186982636,"precision":0.6154425777665213,"_runtime":6,"_step":0,"inference_time_seconds":5.91,"mAP50-95":0.30176162186982636,"_timestamp":1.7769801326860504e+09,"mAP50":0.37813334545831695,"_wandb":{"runtime":6},"recall":0.40463868043380885}