{"mAP50-95":0.36289126296548735,"_step":0,"recall":0.494698291737031,"precision":0.7084684649431338,"fitness":0.36289126296548735,"mAP50":0.467020486015906,"inference_time_seconds":10.9,"_wandb":{"runtime":11},"_timestamp":1.7769801080219393e+09,"_runtime":11}