{"inference_time_seconds":10.79,"_step":0,"precision":0.5492563620742441,"mAP50":0.45018500733233874,"_wandb":{"runtime":10},"mAP50-95":0.3577494033629941,"recall":0.5003535858768217,"_runtime":10,"fitness":0.3577494033629941,"_timestamp":1.7769801240601165e+09}