{"inference_time_seconds":31.16,"fitness":0.25075763042085353,"_wandb":{"runtime":31},"_runtime":31,"mAP50-95":0.25075763042085353,"_timestamp":1.776980166274292e+09,"precision":0.5183347760465724,"recall":0.4151207403263423,"mAP50":0.3650191153956488,"_step":0}