{"_timestamp":1.776979982487392e+09,"_wandb":{"runtime":12},"recall":0.4994696346474446,"fitness":0.36435515103043875,"mAP50-95":0.36435515103043875,"precision":0.6778518738489087,"_runtime":12,"inference_time_seconds":11.95,"_step":0,"mAP50":0.4681915913767156}